씬 넘버,씬 이름,배경 이미지,배경 음악,전환 이미지,전환 시점,효과음,효과음 등장 시간,텍스트 개수,텍스트1,텍스트2,텍스트3,텍스트4,텍스트5,텍스트6,,,,,,,옵션 개수,옵션1,옵션1 다음씬,옵션2,옵션2 다음씬,옵션3,옵션3 다음씬
1,,S#1.jpg,B-play.mp3,,,,,1,"2031년 5월 13일
오랜만에 여동생을 만나 용산 아이파크 몰에 왔다.
이곳엔 여동생이 가장 좋아하는 키즈카페가 있기 때문이다.",,,,,,,,,,,,,,2,,,,
2,,S#2.jpg,B-play.mp3,,,,,1,"동생이 키즈카페에서 만난 친구들과 노는 것을 확인한 후
담배를 피러 용산 아이파크 몰 옥상으로 올라갔다.",,,,,,,,,,,,,,3,,,,
3,,S#3.jpg,B-play.mp3,S#3-2.jpg,2,,,7,나는 이곳에서 이상한 행동을 하는 쥐를 보게 되었다.,"""뭐지 이 쥐? 막 춤추네?.. 꿈..꿈인가..?""","눈 앞에서 쥐가 K-pop 댄스를 추고 있는 것을 본 나는
바로 주머니에 있던 스마트폰을 꺼냈다.
그리곤 이상한 쥐의 댄스 영상을 찍고 있었는데.. ","""찍???""","쥐가 나를 보며 울음소리를 내더니 두다리로 섰다.
???? 직립보행을 한다고 ????....
놀라움도 잠시..
갑자기 쥐의 눈이 빨개지며 앞다리에 근육이 생겼는데...","""...?""",나는 당황스러워 어떤 행동을 해야 할 지 고민 중이었다.,,,,,,2,image/3-1.png,4,image/3-2.png,5,,
4,,,,,,,,7,"""어?!!!""",쥐를 때리려고 너무 낮게 숙이다가 넘어졌다.,"""찍!""","""어?!""",그러자 쥐는 넘어진 나를 향해 빠르게 달려와 오른쪽 귀를 물어 뜯었다.,"""아악!!!!!!""","오른쪽 귀에서 말로 표현할 수 없는 고통이 느껴졌다..
나는 무엇을 해야 할까?",,,,,,1,image/4-1.png,6,,,,
5,,S#5.jpg,B-play.mp3,S#5-2.jpg,4,null,null,6,"나는 쥐의 이상행동을 보고 바로 도망가려 했다.
하지만.. ","""찍?!!!"" ",쥐가 화난 눈으로 날 바라봤다. 일단 도망가야 한다!!!,철그럭! 철그럭!!!,“문이… 왜 안 열리지..?” ,"나는 문을 계속 열려고 했지만 문이.. 열리지 않았다.
잠시 후..
찍!!!
쥐의 찍 소리를 듣고 뒤를 돌아 쥐를 바라보자 쥐의 눈이 점점 더 빨개지고 있었다.
찍?! 파바박!!
결국 쥐는 직립보행으로 나에게 달려와 오른쪽 발목을 물었다.
아악!!!!!!!!!!!!!!!!!!
찍-!
나는 물리자마자 바로 오른 다리를 휘둘러 쥐를 날려버렸다",,,,,,,3,image/4-1.png,7,image/4-2.png,8,image/4-3.png,9
6,,,,,,,,4,"에이 이정도야 뭐 쥐 구경이나 다시 하자 라고 생각한 나는 쥐를 다시 쳐다봤다.
하지만 쥐는 자신의 목적을 달성했다고 느꼈는지 옥상에 있던 환풍구로 돌아갔다.",“에이.. 조금 더 구경하고 싶었는데..”라고 생각하며 무심코 주머니에 손을 넣었는데 주머니 안에 초콜릿과 쪽지가 적혀 있었다.,『오빠! 놀랬지?! 오늘 밸런타인데이래~! 마싯게 먹엉 쪽!』,"그러고보니 오늘이 밸런타인데이였지... 우리 이쁜 연이...
나는 감동에 젖어 빨리 연이를 보고 싶다는 마음으로 7층으로 내려 갔다.",,,,,,,,,,,10,,,,
7,,,,,,,,1,"딱히 물렸을 때 엄청 강한 힘을 쓴 것도 아니었는데 쥐가 날라 간 것에,
어쩌면 이길 수 있겠다는 생각이 들어 쥐와 싸우기로 결정했다!",,,,,,,,,,,,2,image/7-1.png,13,image/7-2.png,14,,
8,,S#8.jpg,B-play.mp3,,,,,3,병원에 도착하자 오른 발목의 상태를 본 의사는..,"“좀비에게 물리신 거 같은데요..?""","라고 말하며 잠시 뒤로 물러나더니 벨을 눌렀다.
그러자.. 경찰과 연구소 복장을 한 연구원들이 나에게 다가와 연구소로 끌고 갔다.",,,,,,,,,,1,image/8-1.png,118,,,,
9,,,,,,,,1,"흡연 다 했으니 동생에게 가자 라고 생각한 나는 곧바로 오른쪽 발목을 한번 보았다.
혹시나 나한테 생긴 이런 일이 어린 자신의 동생한테도 일어났을까 걱정하며 빠르게 7층으로 향했다.	",,,,,,,,,,,,,,20,,,,
10,,,,,,,,4,"쥐를 때리려다 귀를 물리고 7층에 도착한 나는 방금 만난 쥐가  보통 쥐가 아니라는 것을 깨닫고
7층 전자 코너에 틀어져 있는 뉴스에 집중했다. 그러자 뉴스에서는..","""안녕하십니까 mbc 뉴스입니다. 오늘 용산 국방부 기지 안에 있는 국가 협력 기관
<행복 연구소>에서 실험 쥐가 탈출했다는 소식입니다.
연구진들이 미래 질병 바이러스에 대해 연구하던 중
이 실험 쥐가 탈출하였으나, 아직 행방을 찾지 못하고 있습니다.
공격성이 강하여 물릴 위험이 있으니, 국민 여러분들께서는
이 쥐를 보는 즉시 5533-1422로 신고하시고, 가까이 가지 마시기 바랍니다.” 라는 방송이 나왔다.",“..젠장.. 그 쥐가.. 실험 쥐였던 거였어..? 그럼 나는..?”,"조금씩 눈앞이 흐려지고 있었다.
나는 무엇을 선택해야 할까?	",,,,,,,,,2,image/10-1.png,11,image/10-2.png,12,,
11,,,,,,,,,"""빨..리 동생에게 가야 해.. 내가 전할 말이 있어..”","나는 곧바로 계단을 통해 6층으로 내려갔다.
6층에 도착하니 귀가 잘 안 들리기 시작했다.
분명 영화 소리나 게임 소리 혹은 사람들이 북적이고,
수다 떠는 소리에 시끄러워야 할 장소인데..
“..안 돼 아직은.. 조금 더 빨리 가자..” 라고 혼잣말을 할 때였다.
갑자기 다가온 어떤 사람이 나에게","“어이 혹시 나에게 DDR을 배워 볼 생각 없나~? 나 이래 봬도 여기 CGV DDR 랭킹 1위야~ㅋ
특별히 알려주고 싶은데? 대신 초콜릿 하나만 줘 yo~!”","굉장히 사람에게 말을 잘 거는 외향적인 사람 같았다.
아니면.. 그냥.. '호구 잡힌 건가?' 라고 생각하던 중 나는..",,,,,,,,,2,image/11-1.png,15,image/11-2.png,16,,
12,,,,,,,,1,처음으로 돌아간다.,,,,,,,,,,,,,,3,,,,
13,,,,,,,,1,쥐한테 덤볐다가 죽었다....,,,,,,,,,,,,1,image/13-1.png,119,,,,
14,,,,,,,,5,"망설이던 중..갑자기 들리는 음악소리.. 
둠칫!둠칫!흥겨운 노랫소리가 들린다. 
그리고 시작된 댄스 배틀!
나도 모르게 들썩이며 음악에 몸을 흔들었다.
선공은 이상한 쥐였다!",“yo ! 너는 나보다 약해 ! 그러니 댄스로 승부 해 주지~”,"나는 나의 귀를 의심했다. 
쥐가 말을 하다니..?....... ",“나를 무시하는 거냐?? 얼른 댄스를..”,푹!!!!!,,,,,,,,,,17,,,,
15,,,,,,,,1,"7층 전자코너 바닥에 떨어져 있던 초콜릿을 주웠던 기억이 문득 났기에
'배워두면 괜찮겠지' 라고 생각해 초콜릿을 주고 DDR을 배웠다.
DDR을 배우고 난 후 나의 논리 사고는 점점 저하되고 있었다.
아무래도 시간이 지날수록 정신이 희미해지는 것 같다고 느낀 나는
이러다 동생을 만나러 가기 전에 정신을 잃어 아이파크몰에서 떠돌거나
동생을 만나도 할 말을 못 전할 것 같았다. 
그래서 나는..			",,,,,,,,,,,,2,image/15-1.png,18,image/15-2.png,19,,
16,,,,,,,,1,"나는개소리를 지껄이는 자칭 CGV DDR 랭커라는 사람에게 혐오감을 느껴
오른 주먹으로 이 사람의 안면부를 때리려 했다. 하지만..
“어이 나의 날쎈발을 잘보라고-! 나 이래뵈도 랭킹 1위야~ㅋ""라고 말하며 나의 공격을 가뿐하게 피했다.
그리고 나는...
이 랭커에게 맞아죽는다..",,,,,,,,,,,,1,image/16-1.png,120,,,,
17,,,,,,,,7,나는 춤을 추다 스텝이 꼬여 나도 모르게 쥐를 밟아버렸다.,"""찍!!!!!!""",쥐가 죽었다...나는 이상했지만.. 무서웠던 쥐가 너무 허무하게 죽은 것에 조금 어안이 벙벙해졌다.,“이렇게 쉬웠다니.. 댄스가 취약점이었구나....”,"무심코 주머니에 손을 넣었는데, 주머니 안에 초콜릿과 쪽지가 적혀 있었다.",『오빠! 놀랬지?! 오늘 밸런타인데이래~! 마싯게 먹엉 쪽!』,"그러고 보니 오늘이 밸런타인데이였지... 우리 이쁜 연이...
나는 감동에 젖어 빨리 연이를 보고 싶다는 마음으로 7층으로 향했다.",,,,,,,,20,,,,
18,,,,,,,,1,"나의 논리 사고는 점점 저하되고 있었다.
아무래도 시간이 지날수록 정신이 희미해지는 것 같은 느낌에 정신을 차릴려고 벽에 머리를 박았다.",,,,,,,,,,,,1,image/18-1.png,121,,,,
19,,,,,,,,5,나는 곧바로 5층으로 향하려 했지만 계단 위에서 누군가 내려오는 소리가 들렸다.,쿵... 쿵..,＂사람 맞나..?” ,"나는 지금 들리는 발소리가 보통 사람의 발소리가 아닌 것 같다는 생각에 귀를 계속 기울였다.
그리고.. 잠시 후 헤리포터의 헤그리드를 닮은 아저씨가 쿵쿵 소리를 내며 계단을 내려오고 있었다.
‘어? 거인..???’이라고 속으로 생각하며 내려오는 헤그리드 닮은 아저씨를 계속 쳐다보았다.
그러자 그는,","“뭐야 딱 봐도 배고파 보이네? 이거 먹을래?”	",,,,,,,,2,image/19-1.png,21,image/19-2.png,22,,
20,,,,,,,,4,"7층에 도착한 나는 방금 만난 쥐가  보통 쥐가 아니라는 것을 깨닫고
7층 전자 코너에 틀어져 있는 뉴스에 집중했다.
그러자 뉴스에서는..","""안녕하십니까 mbc 뉴스입니다. 오늘 용산 국방부 기지 안에 있는 국가 협력 기관
<행복 연구소>에서 실험 쥐가 탈출했다는 소식입니다.
연구진들이 미래 질병 바이러스에 대해 연구하던 중
이 실험 쥐가 탈출하였으나, 아직 행방을 찾지 못하고 있습니다.
공격성이 강하여 물릴 위험이 있으니, 국민 여러분들께서는
이 쥐를 보는 즉시 5533-1422로 신고하시고, 가까이 가지 마시기 바랍니다.” 라는 방송이 나왔다.",“..젠장.. 그 쥐가.. 실험 쥐였던 거였어..? 그럼 나는..?”,"조금씩 눈앞이 흐려지고 있었다.
나는 무엇을 선택해야 할까? 라고 생각하던 중 갑자기 떠오른 좋은 생각",,,,,,,,,2,image/20-1.png,23,image/20-2.png,24,,
21,,,,,,,,6,"생닭을 마저 먹고 다시 아래 층으로 내려 가야겠다고 생각한 나는
허기짐이 약간 해소됐다는 것을 느낄 수 있었다.",“생! 닭! 먹! 고! 싶! 다!”,"그 아저씨를 살려 보낸 나는, 생닭이라도 빨리 먹고 싶어했다.",“근데 왜 생닭이지..?”,"나는 점점 내가 정신적으로 이상해지고 있다고 느꼈다.
평소에 먹지도 않았던 생닭을.. 먹다니..",“… 얼른.. 동생에게 가야겠다..”,,,,,,,1,image/21-1.png,25,,,,
22,,,,,,,,3,나는 헤그리드 닮은 아저씨가 내민 생닭을 가만히 보며 침을 질질 흘리고 있었다..,“오.. 뭐야 진짜 엄청 배고팠나 봐? 당장이라도 씹어 먹겠는데?”,하지만 나는 좀비화가 진행되는 중이었기에 갑작스런 호의는 너무 의심스러웠다.,,,,,,,,,,,,26,,,,
23,,,,,,,,1,"나는 서점으로 향했다.
서점으로 들어가 보니 대형 쇼핑몰이라 그런지 정말 많은 책들이 카테고리 별로 분류돼 있었다.
나는 수많은 책들 중 어느 책을 읽어야 할까?	",,,,,,,,,,,,3,image/23-1.png,27,image/23-2.png,28,image/23-3.png,29
24,,,,,,,,1,어디로 갈까?,,,,,,,,,,,,2,image/24-1.png,30,image/24-2.png,31,,
25,,,,,,,,3,5층에 도착하자 어떤 아저씨가 계단을 막고 있었다.,"""여기 시설공사 중이에요. 에스컬레이터를 이용하시거나 엘리베이터를 사용해주세요“",나는..,,,,,,,,,,2,image/25-1.png,32,image/25-2.png,33,,
26,,,,,,,,1,"의심하던 차..
헤그리드 닮은 아저씨의 시선이 느껴졌다. 그리고...",헉..!,나는 그 아저씨한테 맞아 죽고 말았다.,,,,,,,,,,1,image/26-1.png,122,,,,
27,,,,,,,,1,"이거 읽어서 뭐하실려고요? 솔로에요?
아.. 그럼 인정,,,,, 그런데 여기엔 별 내용 없어요.
사람을 화나게 하는 화법만 있을뿐..
아.. 화내지 마세요. 그러니깐 사람을 화나게 하는 화법은
총 세가지가 있는데 첫째는 말을 하다마는 것이고
둘째는 계속 왜?라고만 물어보는 것 그리고 세번째는...",,,,,,,,,,,,,,23,,,,
28,,,,,,,,2,"《알아두면 쓸모없는 잡학사전》
『이 세계관엔 좀비가 거의 전무하다.
주인공 이름은 기백이다. 주인공 동생의 이름은 기연이다.』","《천재들만 보는 책》
『천재들은 이런 책 안 본다.. 이미 자기가 천재인 줄 알기 때문..』",,,,,,,,,,,,,23,,,,
29,,,,,,,,3,《좀비에 대한 모든 것》이라는 책과 《웅변 나도 말 잘할 수 있어!》라는 책을 골라 읽었다.,"《좀비에 대한 모든 것》
『좀비 연구소 이대로 괜찮은가?
사실 좀비 연구소는 좀비를 인간화 시키지 않고 자발적으로 연구소에 온 좀비들 대상으로 실험을 하는 것 같다. 
근거로는 지금까지 좀비 연구소에 간 수많은 좀비들 중 인간으로 돌아온 좀비가 없다는 사실이다.』",『자신의 말을 끝까지 일리 있게 전달 하려면... 저자는 코끼리에게도 하고 싶은 말을 전달할 수 있다.』,,,,,,,,,,,,34,,,,
30,,,,,,,,1,"다이슨 매장으로 들어왔다. 내 쪽으로 제품 소개를 하기 위해 오는 직원이 보인다.
내가 들키지 않고 1층까지 내려가려면.. 무엇이 필요할까?..열심히 생각을 했다..
가장 중요한 건 다른 인간들과 같아야 한다는 것..
우선 시험을 해보자.. 부패가 시작됐다면..
이 직원은 나에게 오자마자부패가 시작된 내 냄새 때문에 인상을 찡그릴 것이다..!",,,,,,,,,,,,1,image/30-1.png,35,,,,
31,,,,,,,,1,"삼성전자 매장으로 들어왔다. 내 쪽으로 제품 소개를 하기 위해 오는 직원이 보인다.
내가 들키지 않고 1층까지 내려가려면.. 무엇이 필요할까?..열심히 생각을 했다..
가장 중요한 건 다른 인간들과 같아야 한다는 것..
우선 시험을 해보자.. 부패가 시작됐다면..
이 직원은 나에게 오자마자 부패가 시작된 내 냄새 때문에 인상을 찡그릴 것이다..!",,,,,,,,,,,,1,image/30-1.png,35,,,,
32,,,,,,,,1,"얼른 동생에게 가야 했기에 순간 아저씨를 죽이고 내려가야 되나? 고민을 했지만..
‘그럼 나는 살인자로.. 동생을 만나게 되겠지?‘라는 생각에 아무리 바쁘더라도 에스컬레이터를 찾아 내려가기로 결심했다.
나는 최대한 에스컬레이터가 보이는 곳으로 빠르게 달려갔다.
에스컬레이터에 도착하니, 에스컬레이터 앞에서 왠 아줌마들이 수다를 떨며 길을 막고 있었다.
나는 어떻게 해야 할까..?",,,,,,,,,,,,2,image/32-1.png,36,image/32-2.png,37,,
33,,,,,,,,1,"나는 아저씨의 말을 무시한 채 공사중인 계단을 이용했다.
바닥에 칠해져있는 페인트로 인해 미끌어져서 넘어지고 말았고
그대로 데굴데굴 구르다 부패가 진행된 머리가 떨어지고 말았다.",,,,,,,,,,,,1,image/33-1.png,121,,,,
34,,,,,,,,1,"나는 새로운 지식들을 얻고 계단으로 이동하던 중 전자코너 바닥에 떨어져 있던 초콜릿을 발견했다. 
《좀비에 대한 모든 것》에 좀비는 초콜릿을 먹을 수 없다는 내용이 있어 줍고 싶지는 않았지만,
혹시 쓰일 때가 있을지도 모르니 초콜릿을 주운 후, 6층으로 내려갔다.	",,,,,,,,,,,,,,38,,,,
35,,,,,,,,1,"아뿔싸..!!!...
점원이 내 근처로 오다가 인상을 찡그리며 코를 막았다.
생각보다 빠르게 좀비화가 진행되는 것 같다..
그렇다면 시간이 없다. 우선 향수로 냄새를 가린 후, 동생에게 가야한다.
향수를 구하기 위해 우선 2층으로 내려가자..!	",,,,,,,,,,,,1,image/35-1.png,39,,,,
36,,,,,,,,4,’나의 인내심을... 시험하지..마..제..발..‘,"나는 정말 화가 머리 끝까지 날 것 같았다..
점점 인내심이 떨어지는게 느껴졌다.
나의 몸은 점점 부패하여 떨어지고 있었고, 
당장 눈앞에 아줌마들을 죽이고 4층으로 내려가고 싶었다. 
하지만 나는 동생을 생각하며 참고 참았다..
시간이 5분 정도 흐르자, 아줌마들은 어디론가 이동했고,
나는 정말 급하게 에스컬레이터를 뛰어 내려갔다.
4층에 도착하니 머릿속에서 자꾸 피를 먹으라는 듯한 음성이 들려왔다.",‘피를..먹어라.. 피를 먹어야 한다..사람의..피를.. 너가.. 살려면..’,"이 말이 계속 머릿속에서 맴돌고 있었다.
나는 이 말을 따라야 할까?",,,,,,,,,2,image/36-1.png,40,image/36-2.png,41,,
37,,,,,,,,5,"좀비 바이러스를 한번 겪어본 아줌마들은 나를 두려워 하지 않았다.
아니.. 아줌마들은 오히려 강했다... ",퍽! 퍽!,"""어딜 그런 비실한 몸으로? 우리한테 덤벼?""",퍼버벅 퍽!,"좀비의 약점을 잘 알고 있었다..
머리를 집중공격으로 맞은 나는..
머리가 터져서 죽었다.",,,,,,,,1,image/37-1.png,121,,,,
38,,,,,,,,4,"""빨..리 동생에게 가야 해.. 내가 전할 말이 있어..”","나는 곧바로 계단을 통해 6층으로 내려갔다.
6층에 도착하니 귀가 잘 안 들리기 시작했다. 
분명 영화 소리나 게임 소리 혹은 사람들이 북적이고,  
수다 떠는 소리에 시끄러워야 할 장소인데.. 
“..안 돼 아직은.. 조금 더 빨리 가자..” 라고 혼잣말을 할 때였다. 
갑자기 다가온 어떤 사람이 나에게","“어이 혹시 나에게 DDR을 배워 볼 생각 없나~? 나 이래봬도 여기 CGV DDR 랭킹 1위야~ㅋ 
특별히 알려주고 싶은데? 대신 초콜릿 하나만 줘 yo~!”","굉장히 사람에게 말을 잘 거는 외향적인 사람 같았다. 
아니면.. 그냥.. '호구 잡힌 건가?' 라고 생각하던 중 나는..",,,,,,,,,2,image/38-1.png,42,image/38-2.png,43,,
39,,,,,,,,1,"나는 최대한 달려 에스컬레이터가 보이는 곳으로 달려갔다.
에스컬레이터에 도착하니, 에스컬레이터 앞에서 
왠 아줌마들이 수다를 떨며 길을 막고 있었다.
나는 어떻게 해야 할까..?",,,,,,,,,,,,2,image/39-1.png,44,image/39-2.png,45,,
40,,,,,,,,1,"그래서 나는.. 결국 멋대로 헌혈센터에 들어가 보이는 
헌혈 팩 중 하나를 훔쳐 달아났다. DDR을 배웠던 덕인가?
나는 날쎄게 헌혈팩을 훔칠수 있었다.
그리고 계단으로 이동하여 몰래 헌혈 팩에 든 피를 조금씩 마셨다.
피를 조금씩 마시자 정신이 조금 맑아지는 것을 느낀 나는.. 
사람의 피를 마셨다는 것에 구역질을 했다. 
그러자 바닥에 보이는 검붉은 피.. 
‘나는.. 점점 좀비가 되어가고 있는 건가.. 얼른 동생에게 가야겠다. ' 라고 생각했다. 
독하게 정신을 유지하며 동생이 있을 1층으로 가기 위해 3층으로 이동했다.",,,,,,,,,,,,,,123,,,,
41,,,,,,,,1,"나는 머릿속에서 울리는 경고를 무시하고 이동하다가 피토를 하게 되었다.
바닥에 보이는 검붉은 피.. 
‘나는.. 죽어가고 있는 건가..얼른 동생에게 가야겠다.' 라고 생각하며 독하게 정신을 유지했다. 
동생이 있을 1층으로 가기 위해 3층으로 이동했다.",,,,,,,,,,,,,,124,,,,
42,,,,,,,,1,"""7층 전자코너 바닥에 떨어져 있던 초콜릿을 주웠던 기억이 문득 났기에
'배워두면 괜찮겠지' 라고 생각해 초콜릿을 주고 DDR을 배웠다.
DDR을 배우고 난 후 나의 논리 사고는 점점 저하되고 있었다.
아무래도 시간이 지날수록 정신이 희미해지는 것 같다고 느낀 나는
이러다 동생을 만나러 가기 전에 정신을 잃어 아이파크몰에서 떠돌거나
동생을 만나도 할 말을 못 전할 것 같았다. 
그래서 나는..			""",,,,,,,,,,,,2,image/42-1.png,121,image/42-2.png,47,,
43,,,,,,,,1,"나는 개소리를 지껄이는 자칭 CGV DDR 랭커라는 사람에게
혐오감을 느껴 오른 주먹으로 이 사람의 안면부를 때리려 했다.
하지만..
""어이 나의 날쎈발을 잘보라고-! 나 이래 봬도 랭킹 1위야~ㅋ""라고 말하며
나의 공격을 가뿐하게 피했다.
그리고 나는...
이 랭커에게 맞아죽는다..",,,,,,,,,,,,1,image/43-1.png,120,,,,
44,,,,,,,,5,"기다리자. 나는 인간이다.
갑자기 화가 미친 듯이 솟구쳐 오르는 게 주체가 안됐다. 나는",이렇게 좀비가 되는 거구나...연이를 생각해..참...자..’,"속으로 '참을 인' 세 번만 외치고 2층으로 내려갔다. 
내 정신은 아직.. 멀쩡했다.... 
이때.. 화장품 가게의 직원이 말을 걸어왔다.","“안녕하세요~ 저희 지금 메이크업 해드리는 이벤트 중이에요!
메이크업 받으시면 향수 샘플도 드립니다! 받아보고 가세요~!”",나는 어떻게 해야 할까?,,,,,,,,2,image/44-1.png,48,image/44-2.png,49,,
45,,,,,,,,1,"아줌마들을 물어 뜯자마자 
주변 손님들이 소리를 지르며 신고 전화를 하기 시작했다.
나는 좀비 바이러스 의심자인 것이 발각 되었다.",,,,,,,,,,,,1,image/45-1.png,125,,,,
46,,,,,,,,1,"3층에 도착하자 시야가 많이 흐려졌는데.. 
이때 한 여성이 다가와 나에게 말을 걸었다. 
“으... 저기요... 썩은 내가 저쪽까지 풍겨요.. 제발 이런 곳 오실 때는 좀 씻고 오세요..
으..아니면 아래층에서 향수라도 뿌리던가..”라고 말한 후
계단을 통해 4층으로 이동하는 여성을 보며 순간 알 수 없는 화가 치밀어 올랐다. 
저 여성을 죽일까?",,,,,,,,,,,,2,image/46-1.png,50,image/46-2.png,51,,
47,,,,,,,,5,나는 곧바로 5층으로 향하려 했지만 계단 위에서 누군가 내려오는 소리가 들렸다.,쿵... 쿵..,＂사람 맞나..?” ,"보통 사람의 발소리가 아닌 것 같다는 생각에 귀를 계속 기울였다. 
그리고.. 잠시 후
헤리포터의 헤그리드를 닮은 아저씨가 쿵쿵 소리를 내며 계단을 내려오고 있었다. 
‘어? 거인..???’ 이라고 속으로 생각하며 그냥 멍하니 쳐다보고 있었다. 그러자",“뭐야 딱 봐도 배고파 보이네? 이거 먹을래?” ,,,,,,,,,,52,,,,
48,,,,,,,,1,"직원을 물어 뜯자마자 주변 손님들이 소리를 지르며 신고 전화를 하기 시작했다.
나는 좀비 바이러스 의심자인 것이 발각 되었다.",,,,,,,,,,,,1,image/48-1.png,118,,,,
49,,,,,,,,7,"메이크업 덕분에 부패되어가는 피부가 가려지고
입술에 색이 생기며 다른 사람들처럼 혈색이 생겼다. 
메이크업을 받던 도중, 직원은 나의 썩은 내가 너무 심했는지",“혹시 향수 뿌려드릴까요?”,그래서 나는,“ㄴ..ㅔ” ,나의 언어능력이 점점 떨어지고 있는 것 같았다.,‘이러다가는..동생을.. 만나도.. 말을.. 못 전하겠..는..데’,"나는 얼른 1층에 있을 동생을 만나러 가기 위해 
향수 샘플을 주는 직원에게 향수를 받고 
급하게 허리를 꾸벅 숙이며 감사 인사를 했다.. 
그런데..정신이 희미해진다....",,,,,,1,image/49-1.png,53,,,,
50,,,,,,,,1,"나는 여성을 물어 죽이려 했다. 하지만..
내가 다가가기도 전에 날라온 여성의 뒷발차기가 더 빨랐다..
발차기로 맞고 쓰러진 나는 저기 멀리서 경찰과 연구원이.. 오는 것이 보였다..
얼른 일어나야 했지만.. 일어날 수가 없다..",,,,,,,,,,,,1,image/50-1.png,126,,,,
51,,,,,,,,3,"하지만 자신의 분노 때문에 여성을 살인하여 살인자가 됐을 때
동생에게 어떠한 해를 끼칠까 걱정되어
‘참...자..’라고 속으로 세 번만 외치고 2층으로 내려갔다.
아직은 정신이 멀쩡한 것 같았다.. 
2층에 도착하자 방금 전 여성이 말했던 향수가 떠올라 
동생을 만나기 전 몸 냄새를 어느 정도 지워야겠다고 생각한 나는
뷰티코너에 있는 화장품 가게에 가서 향수를 하나 구매하려고 했다. 
이때.. 화장품 가게의 직원이 말을 걸어왔다 ","“안녕하세요~ 저희 지금 메이크업 해드리는 이벤트중이에요!
메이크업 받으시면 향수 샘플도 드립니다! 받아보고 가세요~!”",나는 어떻게 해야 할까?,,,,,,,,,,2,image/51-1.png,54,image/51-2.png,55,,
52,,,,,,,,4,"맛있겠다...
나는 헤그리드 닮은 아저씨가 내민 생닭을 가만히 보며 침을 질질 흘리고 있었다.. ",“오.. 뭐야 진짜 엄청 배고팠나 봐? 당장이라도 씹어먹겠..” ,우걱우걱,"“어..? 어.. 그래 맛있게 먹어..”  라고 말하며 헤그리드는 어디론가 급히 달려갔다.
나는 어떻게 행동할까?",,,,,,,,,3,image/52-1.png,56,image/52-2.png,57,image/52-3.png,58
53,,,,,,,,8,‘...’,시간이 얼마나 지났을까?,“이봐 자네! 혹시 좀비인가?” ,"나는 목소리가 들려오는 쪽으로 고개를 돌렸다.
그러자 보이는 오른쪽 눈이 탁해진 할아버지가 보였다.",“말을 못하게 된 건가.. 어느 정도 진행된 거 지?”,할아버지는 나를 계속 쳐다봤다 그리고..,“후.. 그래도 아직 나를 안 무는 것을 보면 다행히 살인은 아직 안한 거 같고 가능성은 있겠어..” ,"그리고 나서 어떤 주사기를 나에게 꽂았다. 
할아버지의 누르는 힘이 주사기 너머로 느껴지는 것 같았다. 
잠시 후 나는 점점 정신이 돌아왔다. 그리고..",,,,,2,image/53-1.png,59,image/53-2.png,60,,
54,,,,,,,,1,"직원을 물어 뜯자마자 주변 손님들이 소리를 지르며 신고 전화를 하기 시작했다.
나는 좀비 바이러스 의심자인 것이 발각 되었다.",,,,,,,,,,,,1,image/54-1.png,118,,,,
55,,,,,,,,7,"메이크업 덕분에 부패되어가는 피부가 가려지고
입술에 색이 생기며 다른 사람들처럼 혈색이 생겼다. 
메이크업을 받던 도중, 직원은 나의 썩은 내가 너무 심했는지",“혹시 향수 뿌려드릴까요?”,그래서 나는,“ㄴ..ㅔ” ,나의 언어능력이 점점 떨어지고 있는 것 같았다.,‘이러다가는..동생을.. 만나도.. 말을.. 못 전하겠..는..데’,"나는 얼른 1층에 있을 동생을 만나러 가기 위해 향수 샘플을 주는 직원에게
향수를 받고 급하게 허리를 꾸벅 숙이며 감사인사를 하는데..
오른쪽 눈이 떨어졌다..!
바닥에 떨어진 나의 오른쪽 눈을 본 직원은 비명을 질렀다.",,,,,,2,image/55-1.png,61,image/55-2.png,62,,
56,,,,,,,,1,"결국 식욕을 참지 못한 나는 그 아저씨를 쫓아가 죽이고 잡아먹었다…
나는 인간으로서 해서는 안 될 살인과 사람을 잡아 먹는 짓을 했기에.. 
더 이상 인간으로서 살 수는 없을 것 같다..",,,,,,,,,,,,1,image/56-1.png,127,,,,
57,,,,,,,,1,"나는 결국 식욕을 참지 못하고 그 아저씨를 쫒아가서 팔을 물어 뜯었다.
바로 살인을 하지는 않았지만 결국 나는 살인을 하게 된 것이다.
더 이상.. 동생에게 갈 수가 없다…
잠시후 그 아저씨는 좀비가 되어 사람들을 죽이고 다니게 된다.",,,,,,,,,,,,1,image/57-1.png,128,,,,
58,,,,,,,,6,"생닭을 마저 먹고 다시 아래 층으로 내려 가야겠다고 생각한 나는
허기짐이 약간 해소됐다는 것을 느낄 수 있었다.",“생! 닭! 먹! 고! 싶! 다!”,그 아저씨를 살려 보낸 나는 생닭이라도 빨리 먹고 싶어했다.,“근데 왜 생닭이지..?”,"나는 점점 내가 정신적으로이상해지고 있다고 느꼈다.
평소에 먹지도 않았던 생닭을.. 먹다니..",“… 얼른.. 동생에게 가야겠다..”,,,,,,,,,63,,,,
59,,,,,,,,6,“고.. 맙습니다..” ,언어도 어느 정도 구사할 수 있게 되었다. 그러자 할아버지는 ,"“이건.. 응급처치라네.. 이 주사기를 12시간 간격으로 또 맞지 않으면  다시 정신을 잃게 될 거야..
보아하니.. 이렇게까지 진행이 느린 이유는 강한 의지력 덕분인 것 같은데 잘 되길 바랄 뿐일세” ","할아버지는 나의 고맙다는 인사도 받지 않고 떠났다.
나는 지금도 울리고 있는 좀비 관련 방송 소리에 어떻게 1층으로 내려갈지 고민 중이었다. 
내가 정신을 잃었던 시간 동안 이미 웬만한 입구들은 봉쇄가 됐을 것이다.",“어쩌지...” ,"나는 주사를 맞긴 했지만 이 주사는 정신적 진행만 늦출 뿐
신체 진행에 따른 신체의 부패는 계속 진행 될 것이라 생각했기에 마음이 급해졌다. 
그러다 문득 떠올린 1층으로 갈 단 하나의 방법.. ",,,,,,,2,image/59-1.png,65,image/59-2.png,66,,
60,,,,,,,,3,"할아버지를 물어 뜯으려 다가가자, 할아버지는 표정이 변하면서 말했다.","""내가 <행복 연구소> 에 있었던 연구원이라네.
자네 같은 좀비들은 이 주사기 하나면 죽일 수 있지.. 도와주려고 했더니.. 안타깝군..""",할아버지는 주사기를 내 팔에 꽂았고 그대로 나는 정신을 잃고 쓰려졌다.,,,,,,,,,,1,image/60-1.png,129,,,,
61,,,,,,,,5,"그러자 화장품 가게로 사람들이 점점 몰려오기 시작했는데.. 
나는 급히 오른쪽 눈을 챙기고 도망쳤다. 하지만.. 
아이파크 몰 내 스피커를 통해 ","“2층에서 20대로 보이는 좀비 의심자가 발견됐습니다! 
혹시라도 화장한 20대 남성에게서 진한 향수 냄새가 난다면 바로 관리센터로 신고해주세요!”",이상한 내용의 방송이 계속 들려왔다. 이제 일반적인 경로로는 1층에 갈 수 없게 됐다.,‘...’,점점 사고가 희미해진다.. 아무 생각도.. 내가.. 누구인지도.. 점점 잊게 된다..,,,,,,,,,,67,,,,
62,,,,,,,,1,"메이크업을 해준 직원도 물고, 옆에 지나가던 손님도 물고, 달려오는 경비도 물었다. 
쾌감이 일었고 갈증이 해소되며 미친듯이 물어제꼈다.
결국 점점 좀비들은 많아지고 아이파크 몰은 좀비랜드가 되었다.",,,,,,,,,,,,1,image/62-1.png,128,,,,
63,,,,,,,,3,"헤그리드가 준 생닭을 마저 먹고 계단을 통해 5층으로 내려가자
5층에서 4층으로 내려가는 계단을 어떤 아저씨가 막고 있었다. 아저씨는","""여기 시설공사 중이에요. 에스컬레이터를 이용하시거나 엘리베이터를 사용해주세요“ ","나는 얼른 동생에게 가야 했기에 순간 아저씨를 죽이고 내려가야 되나? 고민을 했다. 하지만..
‘그럼 나는 살인자로.. 동생을 만나게 되겠지?‘라고 생각을 하게 되어 
아무리 바쁘더라도 에스컬레이터를 찾아 내려가기로 결심한 나는
최대한 달려 에스컬레이터가 보이는 곳으로 달려가려다..
쥐에게 물렸던 오른발목이 욱신거려 다시 천천히 걸어갔다.",,,,,,,,,,,,64,,,,
64,,,,,,,,4,"에스컬레이터에 도착하니 검은색 후드티를 입은 꼬마아이가 있었다. 
꼬마아이는 나를 보며 신기하다는 듯이 쳐다봤다. 
그리고 꼬마아이는 나에게 이렇게 말했다.",“아저씨 피부는 왜 그렇게 하얘요?”,“...”,"나는 꼬마아이의 물음에 대답을 안하고
그저 에스컬레이터가 얼른 4층에 도착하길 바라고 있었다.",,,,,,,,,,,70,,,,
65,,,,,,,,5,‘1층에 있는.. 분수.. 거기로 뛰어내리자’,"나는 중간에 뚫려 있는 구조물을 보며 
저쯤 분수가 있었던 것 같다는 예측만으로 달려가몸을 날렸다. 그리고..,,",!!!!!!!!!!!!,풍덩~,"신체가 물에 닿자 썩은 살이 여기저기 찢어지고 머리카락은 전부 벗겨졌지만
다행히... 분수가 깊어 살았다.. 아니 좀비라서 그런 건가?
어쨌든 나는 금방 쫓아올 경비원들과 경찰들 연구원들을 생각하며
얼른 동생이 있을 키즈 카페로 향했다.",,,,,,,,1,image/65-1.png,71,,,,
66,,,,,,,,1,"그래! 여긴 2층 높이고 난 좀비화가 진행 중인 몸이다.
어쩌면... 나는... 뛰어 내려도 죽지 않을지 몰라!
이런 몸을 이용해보자!
밖으로 뛰어내린 다음, 키즈카페 정문으로 들어가는 거야!!",,,,,,,,,,,,1,image/66-1.png,72,,,,
67,,,,,,,,8,‘...’,시간이 얼마나 지났을까?,“이봐 자네! 혹시 좀비인가?” ,"나는 목소리가 들려오는 쪽으로 고개를 돌렸다.
그러자 보이는 오른쪽 눈이 탁해진 할아버지가 보였다.",“말을 못하게 된 건가.. 어느 정도 진행된 거 지?”,할아버지는 나를 계속 쳐다봤다 그리고..,“후.. 그래도 아직 나를 안 무는 것을 보면 다행히 살인은 아직 안한 거 같고 가능성은 있겠어..” ,"그리고 나서 어떤 주사기를 나에게 꽂았다. 
할아버지의 누르는 힘이 주사기 너머로 느껴지는 것 같았다. 
잠시 후 나는 점점 정신이 돌아왔다. 그리고..",,,,,2,image/67-1.png,68,image/67-2.png,69,,
68,,,,,,,,6,“고.. 맙습니다..” ,언어도 어느 정도 구사할 수 있게 되었다. 그러자 할아버지는 ,"“이건.. 응급처치라네.. 이 주사기를 12시간 간격으로 또 맞지 않으면  다시 정신을 잃게 될 거야..
보아하니.. 이렇게까지 진행이 느린 이유는 강한 의지력 덕분인 것 같은데 잘 되길 바랄 뿐일세” ","할아버지는 나의 고맙다는 인사도 받지 않고 떠났다.
나는 지금도 울리고 있는 좀비 관련 방송 소리에 어떻게 1층으로 내려갈지 고민 중이었다. 
내가 정신을 잃었던 시간 동안 이미 웬만한 입구들은 봉쇄가 됐을 것이다.",“어쩌지...” ,"나는 주사를 맞긴 했지만 이 주사는 정신적 진행만 늦출 뿐
신체 진행에 따른 신체의 부패는 계속 진행 될 것이라 생각했기에 마음이 급해졌다. 
그러다 문득 떠올린 1층으로 갈 단 하나의 방법.. ",,,,,,,,,73,,,,
69,,,,,,,,3,"할아버지를 물어 뜯으려 다가가자, 할아버지는 표정이 변하면서 말했다.","""내가 <행복 연구소> 에 있었던 연구원이라네.
자네 같은 좀비들은 이 주사기 하나면 죽일 수 있지.. 도와주려고 했더니.. 안타깝군..""",할아버지는 주사기를 내 팔에 꽂았고 그대로 나는 정신을 잃고 쓰려졌다.,,,,,,,,,,1,image/69-1.png,129,,,,
70,,,,,,,,3,4층에 도착하니 머릿속에서 자꾸 피를 먹으라는 듯한 음성이 들려왔다. ,‘피를..먹어라.. 피를 먹어야 한다..사람의..피를.. 너가.. 살려면..’,"이 음성이 계속 머릿속에서 맴돌고 있었다.
나는 이 말을 따라야 할까?",,,,,,,,,,2,image/70-1.png,74,image/70-2.png,75,,
71,,,,,,,,3,"키즈카페에 도착하자 내 모습을 보고 놀란 수많은 어린이들의 비명소리 울음소리
그리고 키즈카페 관리자가 바로 신고하는 모습을 보고 듣게 되었다. ","""으아앙....꺄아아아!! 흐아아앙.. 엄마...""","아이들의 울음소리와 관리자가 나가라고 소리치는 소리를 듣고 있는 와중에 나는 딱 한쪽만을 바라봤다. 
바로 내 동생이 있는 자리.. 
내 동생은 나를 보곤 놀랐다거나 반긴다거나 울지도 않으며 아무런 반응도 하지 않았다.
그래서 나는 동생을 바라보며 말했다.",,,,,,,,,,1,image/71-1.png,76,,,,
72,,,,,,,,3,으.... 으아아악!!!!!!!!!!!!!!!!!!!!!!!!!!!!!!!,퍽- 콰직-,시멘트로 정확히 떨어진 나는 산산 조각이 나서 머리가 터지고 말았다.,,,,,,,,,,1,image/72-1.png,130,,,,
73,,,,,,,,5,‘1층에 있는.. 분수.. 거기로 뛰어내리자’,"나는 중간에 뚫려 있는 구조물을 보며 
저쯤 분수가 있었던 것 같다는 예측만으로 달려가몸을 날렸다. 그리고..,,",!!!!!!!!!!!!,풍덩~,"신체가 물에 닿자 썩은 살이 여기저기 찢어지고 머리카락은 전부 벗겨졌지만
다행히... 분수가 깊어 살았다.. 아니 좀비라서 그런 건가?
어쨌든 나는 금방 쫓아올 경비원들과 경찰들 연구원들을 생각하며
얼른 동생이 있을 키즈 카페로 향했다.",,,,,,,,,,77,,,,
74,,,,,,,,5,"나는 이 말을 따라 무의식적으로 4층에 있는 헌혈센터로 이동하게 된다. 
헌혈센터에 도착하니 헌혈 안내원이 나에게 헌혈하러 오셨냐고 물었다. 
그러자 나는.. ",“아뇨... 피... 피를.. 주세요...” ,안내원에게 말했지만 안내원은 ,“죄송하지만.. 저희가 피를 맘대로 줄 수가 없어요.. 무슨 사정이신지 몰겠지만 죄송합니다..”,"그래서 나는.. 결국",,,,,,,,2,image/74-1.png,79,image/74-2.png,80,,
75,,,,,,,,1,"점점 힘이 없어진다...
.
.
.
모든 세상이 흑백으로 보인다...
.
.
좀비화가 너무 빨리 진행되는 것 같다..
근데 이상하다..

아무나... 물어 뜯고 싶다.....",,,,,,,,,,,,1,image/75-1.png,81,,,,
76,,,,,,,,1,"이....럴..수....가....!!!!...
동생이........ 내 동생 연이가.......
좀비가 되어 버리고 말았다..
키즈 카페에 이미 좀비 의심자가 있을거라고는 생각을 못했다.. 
아 설마 그 쥐한테 물린건가..?
연이가 좀비로 변했다면 나는... 
더 이상 살아갈 이유가 없다..",,,,,,,,,,,,1,image/76-1.png,82,,,,
77,,,,,,,,3,"키즈카페에 도착하자 내 모습을 보고 놀란 수많은 어린이들의 비명소리 울음소리
그리고 키즈카페 관리자가 바로 신고하는 모습을 보고 듣게 되었다. ","""으아앙....꺄아아아!! 흐아아앙.. 엄마...""","아이들의 울음소리와 관리자가 나가라고 소리치는 소리를 듣고 있는 와중에 나는 딱 한쪽만을 바라봤다. 
바로 내 동생이 있는 자리.. 
내 동생은 나를 보곤 놀랐다거나 반긴다거나 울지도 않으며 아무런 반응도 하지 않았다.
그래서 나는 동생을 바라보며 말했다.",,,,,,,,,,1,image/77-1.png,78,,,,
78,,,,,,,,8,"""오빠 돌아왔어.. 근데 금방 다시 멀리 가야 할 거 같아..""","""오빠.. 잠시 일하러 멀리 다녀오는 거야. 그동안혼자 잘 지내고 있을 수 있지?""
","“오빠 빨리 다녀올 테니까, 꾹 참고 잘 지내고 있어야 해 알겠지?” ",“약속이야..”,"나는 동생에게 말을 전한 후, 스스로 놀이방 밖으로 나갔다. 그러자.. 
뒤늦게 동생은 울며 나에게 이렇게 말했다.",“.. 오빠!!!! 빨리 와야 해!! 알았지..??” ,"연구원들과 경찰들에게 연행되는 나는 미소를 지었다. 
그리고 속으로 이렇게 말했다.",‘그래.. 꼭..’,,,,,1,image/78-1.png,83,,,,
79,,,,,,,,4,하아..하아...피냄새..하아...하..',"나는 헌혈센터에서 풍기는 피냄새에 이성을 잃고 말았다.
바로 앞에 있는 직원의 목을 나도 모르게 물고 말았고,
사람의 맛을 본 나는 더 흥분하여 허겁지겁 살을 물어 뜯었다.",맛있는 거 옆에 맛있는 거..',"이미 이성을 잃은 나는 헌혈센터 내부에 있는 모든 사람의 맛을 보았고
그렇게 헌혈센터는 좀비센터로 변했다.",,,,,,,,,1,image/79-1.png,134,,,,
80,,,,,,,,1,"멋대로 헌혈센터에 들어가 보이는 헌혈 팩 중 하나를 훔쳐 달아났다.
DDR을 배웠던 덕인가? 나는 날쎄게 헌혈팩을 훔칠수 있었다.
그리고 계단으로 이동하여 몰래 헌혈 팩에 든 피를 조금씩 마셨다. 
피를 조금씩 마시자 정신이 조금 맑아지는 것을 느낀 나는.. 
사람의 피를 마셨다는 것에 구역질을 했다. 
그러자 바닥에 보이는 검붉은 피.. 
‘나는.. 죽어가고 있는 건가..?’ 라고 혼자 생각하고 있을 때
나는 다음 행동을 결정해야 했다.",,,,,,,,,,,,2,image/80-1.png,46,image/80-2.png,84,,
81,,,,,,,,1,"정신 차리고 보니 난 어떤 아저씨의 팔을 물어 뜯고 있었다.
아비규환이 된 쇼핑몰 안에서 연구원들과 경찰들이 나를 향해 뛰어온다.",,,,,,,,,,,,1,image/81-1.png,118,,,,
82,,,,,,,,1,"점점 좀비화 진행이 빨라지는 것 같다.
모든 시선이 흑백으로 변했다.
사람들을 향해 돌진 하려는 연이를 꼭 껴안았다.
연이가 발버둥을 쳐도 꽉 껴안고 놔주지 않았다.
연구소 사람들이 오는 소리가 들린다..
연이야.. 조금만 참아... ",,,,,,,,,,,,1,image/82-1.png,85,,,,
83,,,,,,,,6,"연구소에 도착하자 연구소 직원들은 고깃덩이를 감별하듯
아래 위로 훑으며 나를 쳐다봤다.
간간히 서류에 어떤 체크도 하는 것 같았다.","""안녕하세요 좀비 바이러스 의심자 0001. 여기는 <행복 연구소> 입니다.
저희는 <행복 연구소>에서 일하는 연구원들이구요.
혹시 저희한테 주실 서류 같은 게 있나요?""",연구소 직원 중 한 명이 조금 싸늘하지만 친절한 말투로 물어봤다.,"
""아뇨. 서류는 가지고 있지 않고 연구소에 오면 사람으로 만들어 주신다는 이야기를 듣고 찾아왔어요!""",그러자 연구소 직원들은 음흉하게 웃으며,"""잘 찾아오셨어요. 이쪽으로 오세요.""",,,,,,,1,image/83-1.png,86,,,,
84,,,,,,,,3,에스컬레이터를 이용해 5층으로 다시 올라가 보자고 생각했다.,‘좀비에 대한 모든 것이라는 책을 쓴 저자의.. 의혹이 맞다면....안..돼..’,"정신이 조금 맑아지자 어떻게든 치료 방법을 찾거나 어떤 방법을 찾아야만 한다고 생각했다. 
연구소를 믿을 수 없게 된 것이다.",,,,,,,,,,,,87,,,,
85,,,,,,,,1,"연구소 바닥이 모두 빨갛다
누군가의 피인지도 모른다.
연이의 피일까..? 내 피인가..?
나와 연이는 연구소 사람들에 의해 무참히 연구당한다.. 
생각을 멈춘 채로 영원히..
.
.
.",,,,,,,,,,,,1,image/85-1.png,131,,,,
86,,,,,,,,4,쉬이이이익-!',"갑자기 연구소 내부에서 이상한 가스가 나오기 시작한다.
나는 정신이 몽롱해지며 내 시야에는 이미 방독면을 쓴 연구원들이 보인다.","""이..이게 무슨..""",".
.
.
몇시간이 흘렀을까.. 
정신을 차려보니 나는 차가운 침대에 팔다리가 묶인 채로 누워있었다.
그리고 연구원들은 나의 살을 찢고 피를 뽑고 주사기 같은걸 꼽고 있었다.
묻고 싶은 건 많았지만, 지능이 퇴화된 탓인지 아무 말도 나오지 않았고,
나는 영문도 모른 채 살이 찢겨졌다.
고통도.. 생각도 잃은지 오래다.
그렇게 나는 몇년이 흐른지도 모른 채 계속 실험당했다. 
아무런 생각도 하지 못한 채로.. 
영원히..",,,,,,,,,1,image/86-1.png,132,,,,
87,,,,,,,,5,5층에 도착하자 왜인지 아까 왔을 때와 다르게 많이 소란스러웠다.,뭐지..?',"나는 호기심에 사람이 많이 모여 있는 곳으로 계속 걷다보니 
누군가 고객센터 직원과 싸우고 있는 모습이 보였다.","""아니 내말은 말야~~~~~~~~어이고~~이 아가씨 말이 안 통하네~~~~!"" ",누군가가 고객센터 직원을 상대로 많이 답답해하는 모습을 보고 나는...,,,,,,,,2,image/87-1.png,89,image/87-2.png,88,,
88,,,,,,,,6,“혹시 무슨 일이신가요?”,평소 호기심 많았던 나는 그냥 궁금해서 물어봤던 것이었다. 그런데.. ,"""내가 웅변 관련된 책을 찾고 있는데...!
고객센터 직원이 못 알아듣고 그런 책이 없다 그러잖아~!""",음..? 뭔가 내가 읽었었던 기억이 나는데? 나는 무슨 책인지 물어봤다.,"""저자가 코끼리랑 말할 수 있는 내용의 책 말이야!!!
근데 고객센터 직원이 못 알아듣고 그런 책이 없다 그러잖아~! 파는 거 뻔히 알고 왔는데!""","나는 이 사람의 말을 듣고 아까 읽었던 
《웅변 나도 말 잘할 수 있어!》라는 책이 떠올라 고객센터 직원에게 대신 얘기해줬다.",,,,,,,1,image/88-1.png,90,,,,
89,,,,,,,,3,"나는 지금도 울리고 있는 좀비 관련 방송 소리에 
어떻게 1층으로 내려갈지 고민 중이었다. 
내가 정신을 잃었던 시간동안 이미 웬만한 입구들은 봉쇄가 됐을 것이다.",“어쩌지...”,"나는 주사를 맞긴 했지만 정신을 잃기 전 
시간이 12시간일 뿐이지 좀비 진행에 따른 신체 부패는 
계속 진행 될 것이라 생각했기에 마음이 급해졌다.
그러다 문득 떠올린 1층으로 갈 단 하나의 방법.. ",,,,,,,,,,2,image/89-1.png,91,image/89-2.png,92,,
90,,,,,,,,6,“아? 이해했어요! 바로 준비해 드릴게요 잠시만요!”,"고객센터 직원은 나의 웅변에 감탄하며 곧바로 무언가를 열심히 작성하고 있었다.
역시 그때 읽은 《웅변 나도 말 잘할 수 있어!》 책이 도움이 되었다. ",“오~!!! 정말 고맙네!! 어엇? 아니.. 자네.. 좀 이상한데? 일로 좀 와보게!”,감탄과 고마움을 동시에 표현한 이 사람은 나를 조용한 곳으로 불렀다. ,"“혹시.. 자네 좀비인가..? 아직 퇴화가 완전히 진행되지 않았나 보군! 아아 그래도 놀라워! 
아직까지 정신을 놓지 않고 있다는 게.. 꼭 인간이 될 이유라도 있는 건가?”",내가 놀라서 아무 대답을 하지 않자 이 사람은 계속 말을 이어갔다.,,,,,,,1,image/90-1.png,93,,,,
91,,,,,,,,5,‘1층에 있는.. 분수.. 거기로 뛰어내리자’,"나는 중간에 뚫려 있는 구조물을 보며 
저쯤 분수가 있었던 것 같다는 예측만으로 달려가몸을 날렸다. 그리고..,,",!!!!!!!!!!!!,풍덩~,"신체가 물에 닿자 썩은 살이 여기저기 찢어지고 머리카락은 전부 벗겨졌지만
다행히... 분수가 깊어 살았다.. 아니 좀비라서 그런 건가?
어쨌든 나는 금방 쫓아올 경비원들과 경찰들 연구원들을 생각하며
얼른 동생이 있을 키즈 카페로 향했다.",,,,,,,,1,image/91-1.png,94,,,,
92,,,,,,,,1,"그래!
여긴 2층 높이고 난 좀비화가 진행 중인 몸이다. 어쩌면... 나는... 
뛰어 내려도 죽지 않을지 몰라! 이런 몸을 이용해보자!
밖으로 뛰어내린 다음, 키즈카페 정문으로 들어가는 거야!!",,,,,,,,,,,,1,image/92-1.png,95,,,,
93,,,,,,,,6,"“뭐 그런 건 필요 없고! 신세를 졌으니 자네에게 보답을 하고 싶네! 
원래 난 이런 거 잘 안 작성해주는데 자네 운 좋은 줄 알게! 
내가 연구소에서 큰 힘이 있는 사람이걸랑!”",이 사람은 무언가를 적고 있었다. ,‘연구소??’ ,"나는 이 사람의 말에 순간 뭔가 싶었다.
연구소면.. 계속 자신을 잡아가려고 하는 집단인데.. 
좀비인 것을 알고 나서도.. 보답을 하고 싶다고? 
뇌가 점점 퇴화되고 있어서 그런지 
다시 논리적인 사고가 거의 불가능하게 된 거처럼 머리가 복잡했다. 하지만.. ",“연구소에 가게 된다면 이걸 직원에게 보여주면서 오박사의 추천서라고 하면 된다네!”,"나는 오박사의 추천서를 받으며 얼떨떨해 하는 반면
오박사는 그저 허허 웃으며 고마웠네! 라고 말한 후 엘리베이터를 타고 6층으로 이동했다.
얼떨결에 목적을 달성한 나는 다시 에스컬레이터를 이용해 4층으로 이동했다.",,,,,,,1,image/93-1.png,96,,,,
94,,,,,,,,3,"키즈카페에 도착하자 내 모습을 보고 놀란 수많은 어린이들의 비명소리 울음소리
그리고 키즈카페 관리자가 바로 신고하는 모습을 보고 듣게 되었다. ","""으아앙....꺄아아아!! 흐아아앙.. 엄마...""","아이들의 울음소리와 관리자가 나가라고 소리치는 소리를 듣고 있는 와중에 나는 딱 한쪽만을 바라봤다. 
바로 내 동생이 있는 자리.. 
내 동생은 나를 보곤 놀랐다거나 반긴다거나 울지도 않으며 아무런 반응도 하지 않았다.
그래서 나는 동생을 바라보며 말했다.",,,,,,,,,,1,image/94-1.png,97,,,,
95,,,,,,,,3,으.... 으아아악!!!!!!!!!!!!!!!!!!!!!!!!!!!!!!!,퍽- 콰직-,"시멘트로 정확히 떨어진 나는
산산 조각이 나서 머리가 터지고 말았다.",,,,,,,,,,1,image/95-1.png,130,,,,
96,,,,,,,,1,"4층에 도착했더니 나의 오른 다리가..떨어져 나갔다.
하지만 원래 나의 오른 다리가 아니었던 것처럼 
오른 다리가 나에게서 떨어졌는데도 어떠한 고통도 느껴지지 않았다..
시야가 흐려졌다.. 점점 흑백으로 변한다..
이때 한 여성이 다가와 나에게 말을 걸었다. 
“으... 썩은 내가 저쪽까지 풍겨요.. 제발 이런 곳 오실 때는 좀 씻고 오세요.. 
으..아니면 2층에서 향수라도 뿌리던가..”라고 말한 후 
코막고 에스컬레이터를 타고 4층을 내려가는 여성을 보며",,,,,,,,,,,,2,image/96-1.png,98,image/96-2.png,99,,
97,,,,,,,,12,"""오빠 돌아왔어.. 근데 금방 다시 멀리 가야 할 거 같아..""","""오빠.. 잠시 일하러 멀리 다녀오는 거야. 
그동안 혼자 잘 지내고 있을 수 있지?""","""응.. 연이가 10(열) 밤만 자면 오빠 와?""","""아니 그거보다는 조금 더...""","""그럼 연이가 20(스무) 밤만 세면 올거야?""","""... 오빠 빨리 다녀올게. 그러니까 연이 꾹 참고 잘 지내고 있어야 해 알겠지?""","""약속이야..""",나는 동생에게 말을 전한 후. 스스로 키즈카페 밖으로 나갔다.,그러자.. 뒤늦게 동생은 울며 나에게 이렇게 말했다.,"""오빠!!!!!! 연이가 100번만 자면 올거지???""","연구원들과 경찰들에게 연행되는 나는 미소를 지었다 그리고
속으로 이렇게 말했다.
",그래... 꼭...',1,image/97-1.png,100,,,,
98,,,,,,,,1,"나는 순간적인 살인 충동으로 그 여자의 목덜미를 물었다.
그 여자는 물린 채로 나를 에스컬레이터에서 밀었고.
그렇게 여자랑 나는 사이좋게 에스컬레이터에서 추락했다.",,",",,,,,,,,,,1,image/98-1.png,133,,,,
99,,,,,,,,5,"이성을 잃고 저 여성을 죽일까? 생각했다.. 하지만 자신의 분노
때문에 여성을 살인하여 살인자가 됐을 때 동생에게 어떠한 해를
끼칠까 걱정되어
",참..자..'라고 속으로 세 번만 외치고 2층으로 바로 내려갔다.,"아직은 정신이 멀쩡한 것 같았다.. 
2층에 도착하자 방금 전 여성이 말했던 향수가 떠올라 
동생을 만나기 전 몸 냄새를 어느 정도 지워야겠다고 생각한 나는 
뷰티 코너에 있는 향수 가게에 가서 향수를 하나 구매하려고 했다. 
하지만.. 향수 가게의 직원이 나에게 다가와 먼저 말을 걸었다.","""혹시 향수 시향 한번 해보시겠어요? 뿌려드릴까요?""",그래서 나는..,,,,,,,,2,image/99-1.png,102,image/99-2.png,103,,
100,,,,,,,,3,"연구소에 도착하자 연구소 직원들은 고깃덩이를 감별하듯
아래위로 훑으며 나를 쳐다봤다.
간간히 서류에 어떤 체크도 하는 것 같았다.","""안녕하세요 좀비 바이러스 의심자 0001. 여기는 <행복 연구소> 입니다.
저희는 <행복 연구소>에서 일하는 연구원들이구요.
혹시 저희한테 주실 서류 같은 게 있나요?""","연구소 직원 중 한 명이 조금 싸늘하지만 친절한 말투로 물어봤다.
그러자 나는 딱히 드릴 추천서가 없다고 했다.

그러자....",,,,,,,,,,1,image/100-1.png,101,,,,
101,,,,,,,,3,"알고 보니 좀비 인간화 연구에 성공한
백신의 양은 굉장히 적었고, 더욱 완벽한 백신을 만들기 위해
아직도 실험을 하고 있었다.","""...""","나는 실험 쥐처럼 영원히 몇 년 동안 실험을 당하게 된다.
지능이 없어져 어떠한 생각도 할 수 없어진 채로..
영원히..",,,,,,,,,,1,image/101-1.png,135,,,,
102,,,,,,,,6,"""ㄴ..ㅔ"" ",점점 언어능력이 떨어지고 있는 것 같았다.,이러다가는... 동생을.. 만나도.. 말을 못 전하겠.. 는.. 데..',"라고 생각한 나는 얼른 1층에 있을 동생을 만나러 가기 위해 직원에게
급하게 허리를 꾸벅 숙이며 감사 인사를 했지만..
오른쪽 눈이 떨어졌다..!
",꺄아아아악!!!!!!!!,"바닥에 떨어진 나의 오른쪽 눈을
본 직원은 비명을 질렀다.
그러자 화장품 가게로 사람들이 점점 몰려오기 시작했는데..",,,,,,,2,image/102-1.png,104,image/102-2.png,105,,
103,,,,,,,,6,"""엄마 저 사람한테서 시체 썩은 냄새가 나요!""","지나가던 아이가 외쳤다.
아이의 엄마는 화들짝 놀라며 허겁지겁 핸드폰을 꺼내는 모습이다.
직원도 그제서야 이상하다는 낌새를 느끼며 매장 내에 있던 비상벨을
눌렀다.
","잠.
",시.,후,경찰과 연구원들이.. 몰려들었다..,,,,,,,1,image/103-1.png,118,,,,
104,,,,,,,,1,"메이크업을 해준 직원도 물고, 옆에 지나가던 손님도 물고, 달려오는 경비도 물었다. 
쾌감이 일었고 갈증이 해소되며 미친듯이 물어제꼈다.
결국 점점 좀비들은 많아지고 아이파크 몰은 좀비랜드가 되었다.",,,,,,,,,,,,1,image/104-1.png,128,,,,
105,,,,,,,,9,"나는 급히 오른쪽 눈을 챙기고 도망쳤다. 하지만.. 백화점
내 스피커를 통해
","""2층에서 20대로 보이는 좀비가 발견됐습니다! 혹시라도 20대 남성에게서 진한 향수 
냄새가 난다면 바로 관리센터로 신고해 주세요!""","이상한 내용의 방송이 계속 들려왔다.
이제 일반적인 경로로는 1층에 갈 수 없게 됐다.",...',점점 사고가 희미해진다..,아무 생각도...,내가...,누구인지도..,점점 잊게 된다..,,,,1,image/105-1.png,106,,,,
106,,,,,,,,8,...',시간이 얼마나 지났을까?,"""이봐 자네! 혹시 좀비인가?""","나는 목소리가 들려오는 쪽으로 고개를 돌렸다. 그러자..
오른쪽 눈이 탁해진 할아버지가 희마하게 보였다.","""말을 못하게 된 건가..? 어느 정도 진행된 거 지?"" 
",할아버지는 나를 계속 쳐다봤다. 그리고..,"""후.. 그래도 아직 나를 안 무는 것을 보면 다행히 살인은 안 한 거 같고 가능성은 있겠어..""","라고 말하며 어떤 주사기를 나에게 꽃았다.
할아버지의 누르는 힘이 주사기 너머로 느껴지는 것 같았다.
잠시 후 
나는 점점 정신이 돌아왔다. 그리고..",,,,,2,image/106-1.png,107,image/106-2.png,108,,
107,,,,,,,,3,"할아버지를 물어 뜯으려 다가가자, 인자하던 할아버지의 표정이 싸늘하게 변했다. 
그리고..
","""내가 <행복 연구소> 에 있었던 연구원이라네. 자네 같은 좀비들은 이 주사기 하나면 
죽일 수 있지.. 도와주려고 했더니.. 안타깝군.."" ",할아버지는 주사기를 내 팔에 꽂았고 그대로 나는 정신을 잃고 쓰러졌다.,,,,,,,,,,1,image/107-1.png,129,,,,
108,,,,,,,,7,"""고.. 맙습니다..""","언어도 어느 정도 구사할 수 있게 되었다. 그러자 할아버지는


","""이건.. 응급처치라네.. 이 주사기를 12시간 간격으로 또 맞지 않으면 
다시 정신을 잃게 될 거야.. 보아하니.. 살아가는 어떤 이유가 있는 것 
같은데 잘 되길 바랄 뿐일세.. 참! 오른쪽 발목이 없던데""",툭! 툭!,할아버지는 텅 비어 있어야 할 나의 오른쪽 발목을 두드리며 말했다.,"""정말 중요한 순간에 뛸 수는 있어야 하지 않겠어?""","라고 말한 후 
할아버지는 나의 고맙다는 인사를 받지 않고 떠났다.",,,,,,1,image/108-1.png,109,,,,
109,,,,,,,,3,"나는 지금도 울리고 있는 좀비 관련 방송 소리에
어떻게 1층으로 
내려갈지 고민 중이었다.
내가 정신을 잃었던 시간동안 이미 웬만한
입구들은 봉쇄가 됐을 것이다.","""어쩌지...""","나는 주사를 맞긴 했지만 정신을 잃기 전
시간이 12시간일 뿐이지 좀비 진행에 따른 신체 부패는
계속 진행 될 것이라 생각했기에 마음이 급해졌다.
그러다 문득 떠올린 1층으로 갈 단 하나의 방법..",,,,,,,,,,3,image/109-1.png,110,image/109-2.png,111,image/109-3.png,112
110,,,,,,,,5,1층에 있는.. 분수.. 거기로 뛰어내리자',"나는 중간에 뚫려 있는 구조물을 보며 
저쯤 분수가 있었던 것 같다.는 예측만으로 달려가 
몸을 날렸다. 그리고..,,",!!!!!,풍덩~,"신체가 물에 닿자 썩은 살이 여기저기 찢어지고 머리카락은 전부
벗겨졌지만 다행히... 분수가 깊어 살았다.. 아니 좀비라서 그런 건가?
어쨌든 나는 금방 쫓아올 경비원들과 경찰들 연구원들 생각하며
얼른 동생이 있을 키즈카페로 향했다.",,,,,,,,1,image/110-1.png,113,,,,
111,,,,,,,,1,"그래! 여긴 2층 높이고 난 좀비화가 진행 중이라..
어쩌면.. 나는... 뛰어 내려도 죽지 않을지 몰라!
이런 몸을 이용해 밖으로 뛰어내린 다음 정문으로 들어가는 거야!!'",,,,,,,,,,,,1,image/111-1.png,114,,,,
112,,,,,,,,6,"나는 빨리 내려가야 한다는 생각에 바로 발 밑에 있는 콘크리트 바닥을 손으로 뜯기 시작했다.
손끝이 찢어지고, 손톱이 뜯어지는 것도 모른 채 계속 뜯었다.
하지만 콘크리트 바닥은 뜯어질 리가 만무했고, 대신 바닥은 피로 물들어져 갔다.","그렇게 몇 초가 흘렀을까, 주변에서는","""꺅!","좀비가 바닥을 뜯고 있어!""라는 ",라는 괴성이 들리기 시작했고,어느샌가 나는 연구소 직원에게 잡혀있었다.,,,,,,,1,image/112-1.png,118,,,,
113,,,,,,,,3,"키즈카페에 도착하자 내 모습을 보고 놀란 수많은 어린이들의 비명소리 울음소리
그리고 키즈카페 관리자가 바로 신고하는 모습을 보고 듣게 되었다.","""으아앙....꺄아아아!! 흐아아앙.. 엄마...""","아이들의 울음소리와 관리자가 나가라고 소리치는 소리를 듣고 있는 와중에 나는 딱 한쪽만을 바라봤다.
바로 내 동생이 있는 자리..
내 동생은 나를 보곤 놀랐다거나 반긴다거나 울지도 않으며 아무런 반응도 하지 않았다.
그래서 나는 동생을 바라보며 말했다.",,,,,,,,,,1,image/113-1.png,115,,,,
114,,,,,,,,4,으... 으아아악!!!!!!!!!!!!!!,퍽-,콰직-,시멘트로 정확히 떨어진 나는 산산조각이 나서 머리가 터지고 말았다.,,,,,,,,,1,image/114-1.png,130,,,,
115,,,,,,,,11,"""오빠 돌아왔어.. 근데 금방 다시 멀리 가야 할 거 같아..""","""오빠.. 잠시 일하러 멀리 다녀오는 거야. 그동안혼자 잘 지내고 있을 수 있지?""
","""응.. 연이가 10(열) 밤만 자면 오빠 와?""","""아니 그거보다는 조금 더...""","""그럼 연이가 20(스무) 밤만 세면 올거야?""","""...오빠 빨리 다녀올게, 그러니까 연이 꾹 참고 잘 지내고 있어야 해 
알겠지?""","""약속이야..""","나는 동생에게 말을 전한 후 스스로 키즈카페 밖으로 나갔다.
그러자.. 뒤늦게 동생은 울며 나에게 이렇게 말했다.","""오빠!!!!! 연이가 100번만 자면 올 거 지???""","연구원들과 경찰들에게 연행되는 나는 미소를 지었다. 그리고 
속으로 이렇게 말했다.",그래.. 꼭..',,1,image/115-1.png,116,,,,
116,,,,,,,,6,"연구소에 도착하자 연구소 직원들은 고깃덩이를 감별하듯
아래 위로 훑으며 나를 쳐다봤다.
간간히 서류에 어떤 체크도 하는 것 같았다.","""안녕하세요 좀비 바이러스 의심자 0001. 여기는 <행복 연구소> 입니다.
저희는 <행복 연구소>에서 일하는 연구원들이구요.
혹시 저희한테 주실 서류 같은 게 있나요?""","연구소 직원 중 한 명이 조금 싸늘하지만 친절한 말투로 물어봤다.
그러자 나는 고개를 끄덕이고 오박사에게 받았던 추천서를
연구소 직원에게 건네며 이렇게 말했다.","""오박사의 추천서에요""","그러자 연구소 직원들은 갑자기 매우 놀란 표정을 지으며
내 서류에 별표를 쳤다. 그러더니 갑자기 극진한 대접을 하며 이렇게 답했다.
","""저희가 책임지고! 당신을! 꼭!! 사람으로 만들어 드릴게요!!
오박사님 지인이신걸 먼저 말하셨다면 이렇게 수갑도 안 채웠을 텐데...
기분 상하셨다면 죄송합니다.""",,,,,,,1,image/116-1.png,117,,,,
117,happy ending,,,,,,,3,"2 년 후
나는 인간으로 변하는데 성공했다.
군데군데 부패된 흔적들이 아직 아물지는 않았지만
점차 나아질 것이었고 조금의 테스트를 더 한 후
나는 아주 오랜만에 친척 집으로 갈 수 있게 되었다.
친척 집에 도착하고 현관문을 열자",연이가 달려 나와 나에게 안겼다.,"""오빠.. 연이 100밤 넘게 셌어.. 보고 싶었어..""",,,,,,,,,,1,image/117-1.png,134,,,,
118,game over연구소행,,S#118.jpg,,,,,,,,,,,,,,,,,,,-1,,,,,
119,game over쥐한테 죽음,,,,,,,,,,,,,,,,,,,,,-1,,,,,
120,game over DDR,,,,,,,,,,,,,,,,,,,,,-1,,,,,
121,game over머리 깨진 좀비,,,,,,,,,,,,,,,,,,,,,-1,,,,,
122,game over헤그리드에게 맞아 죽음,,,,,,,,,,,,,,,,,,,,,-1,,,,,
123,,,,,,,,,,,,,,,,,,,,,,,,,,,
124,,,,,,,,,,,,,,,,,,,,,,,,,,,
125,game over아줌마 물어뜯음,,,,,,,,,,,,,,,,,,,,,-1,,,,,
126,game over여성의 뒤돌려차기,,,,,,,,,,,,,,,,,,,,,-1,,,,,
127,game over자살엔딩,,,,,,,,,,,,,,,,,,,,,-1,,,,,
128,game over아이파크몰 봉쇄,,,,,,,,,,,,,,,,,,,,,-1,,,,,
129,game over할아버지 주사기,,,,,,,,,,,,,,,,,,,,,-1,,,,,
130,game over토막난 좀비,,,,,,,,,,,,,,,,,,,,,-1,,,,,
131,sad ending1,,,,,,,,,,,,,,,,,,,,,-1,,,,,
132,sad ending 2,,,,,,,,,,,,,,,,,,,,,-1,,,,,
133,game over에스컬레이터에서 여자와 추락,,,,,,,,,,,,,,,,,,,,,-1,,,,,
134,happy ending1,,,,,,,,,,,,,,,,,,,,,-1,,,,,
135,sad ending3,,,,,,,,,,,,,,,,,,,,,-1,,,,,
